style,acc__disvae,lpips__disvae,acc__disvae_lpips,lpips__disvae_lpips
Impressionism,0.05,0.7218285024166107,0.3,0.5330139502882958
Cubism,0.0,0.6857906537396568,0.0,0.5240120089479855
Ukiyo_e,0.0,0.6872095053012555,0.0,0.5296757851655667
Baroque,0.0,0.6763777236143748,0.0,0.48742229408688015
Pop_Art,0.09375,0.6972901783883572,0.0625,0.5459738280624151
Abstract_Expressionism,0.76,0.6815290689468384,0.36,0.5304257464408875
Realism,0.5416666666666666,0.7038356376190981,0.5,0.5425135269761086
Northern_Renaissance,0.0,0.7004175583521525,0.0,0.5226982765727572
